[
    {
        "AlbumID":1101,
        "Title":"Lemonade",
        "Artist":"Beyonce",
        "Price":249
    },

      
        {
            "AlbumID":1100,
            "Title":"Lemonade1",
            "Artist":"Beyonce1",
            "Price":250
        },
        {
            "AlbumID":1102,
            "Title":"Lemonade",
            "Artist":"Prasad",
            "Price":500
        },
    
            {
                "AlbumID":1100,
                "Title":"Lemonade",
                "Artist":"Anirudh",
                "Price":300
            }
]